product_handle,status,content,rating,photo_url,name,country,email,created_at
light-blue-linen-shirt-for-men-and-women,,"Absolutely love the light blue linen t-shirt I purchased. The fabric is so comfortable and breathable, perfect for summer days.",5,,Aarav Patel,,aarav_patel***@gmail.com,2023-12-15
light-blue-linen-shirt-for-men-and-women,,"The quality of the light blue linen t-shirt is impressive. It fits well and looks stylish, great for casual outings.",4,,Neha Singh,,neha.singh***@gmail.com,2024-01-25
light-blue-linen-shirt-for-men-and-women,,Bought this light blue linen t-shirt for my husband and he absolutely loves it. The color is vibrant and the material is soft.,5,,Vivek Kumar,,vivek.kumar***@gmail.com,2023-12-28
light-blue-linen-shirt-for-men-and-women,,Received the light blue linen t-shirt as a gift and I'm so happy with it. The fit is perfect and the color is beautiful.,5,,Khushi Sharma,,khushi.sharma***@gmail.com,2024-02-10
light-blue-linen-shirt-for-men-and-women,,The light blue linen t-shirt is a must-have in every wardrobe. It's versatile and can be dressed up or down effortlessly.,5,,Rohan Gupta,,rohan.gupta***@gmail.com,2024-03-07
light-blue-linen-shirt-for-men-and-women,,This light blue linen t-shirt is so comfortable to wear. The fabric is lightweight and perfect for hot weather.,4,,Priya Malhotra,,priya.malhotra***@gmail.com,2023-12-20
light-blue-linen-shirt-for-men-and-women,,I am impressed with the quality of the light blue linen t-shirt. It's well-made and looks stylish.,4,,Aditya Roy,,aditya.roy***@gmail.com,2024-01-18
light-blue-linen-shirt-for-men-and-women,,Love the light blue linen t-shirt I purchased. It's my go-to choice for a casual day out.,5,,Meera Iyer,,meera.iyer***@gmail.com,2024-02-28
light-blue-linen-shirt-for-men-and-women,,The light blue linen t-shirt is so soft and comfortable. I can wear it all day without any discomfort.,5,,Aryan Reddy,,aryan.reddy***@gmail.com,2024-03-15
light-blue-linen-shirt-for-men-and-women,,I bought this light blue linen t-shirt for my wife and she loves it. The fit is perfect and the color is lovely.,5,,Sneha Kapoor,,sneha.kapoor***@gmail.com,2024-01-05
light-blue-linen-shirt-for-men-and-women,,The light blue linen t-shirt is a great addition to my wardrobe. It's easy to style and looks trendy.,4,,Amit Singh,,amit.singh***@gmail.com,2023-12-10
light-blue-linen-shirt-for-men-and-women,,This light blue linen t-shirt is perfect for a casual day out. The color is refreshing and the fabric is high quality.,5,,Riya Choudhary,,riya.choudhary***@gmail.com,2024-02-20
light-blue-linen-shirt-for-men-and-women,,"I'm in love with the light blue linen t-shirt. It's comfortable, stylish, and perfect for the summer season.",5,,Rajesh Kumar,,rajesh.kumar***@gmail.com,2024-03-25
light-blue-linen-shirt-for-men-and-women,,The light blue linen t-shirt exceeded my expectations. It's so well-made and looks fantastic on me.,4,,Ananya Bhat,,ananya.bhat***@gmail.com,2024-01-15
light-blue-linen-shirt-for-men-and-women,,I've received so many compliments on the light blue linen t-shirt. It's a staple piece in my wardrobe now.,5,,Siddharth Desai,,siddharth.desai***@gmail.com,2024-02-05
light-blue-linen-shirt-for-men-and-women,,The light blue linen t-shirt is so versatile. I can pair it with different bottoms for various looks.,4,,Pooja Ahuja,,pooja.ahuja***@gmail.com,2023-12-30
light-blue-linen-shirt-for-men-and-women,,Absolutely adore the light blue linen t-shirt. It's a classic piece that never goes out of style.,5,,Vikram Iyer,,vikram.iyer***@gmail.com,2024-03-10
light-blue-linen-shirt-for-men-and-women,,The light blue linen t-shirt is so comfortable to wear all day. The fabric is top-notch and feels great on the skin.,5,,Ananya Khanna,,ananya.khanna***@gmail.com,2024-01-30
light-blue-linen-shirt-for-men-and-women,,I can't get enough of the light blue linen t-shirt. It's my new favorite piece in my wardrobe.,5,,Arjun Mehra,,arjun.mehra***@gmail.com,2024-02-15
light-blue-linen-shirt-for-men-and-women,,The light blue linen t-shirt is a great find. The quality is exceptional and the color is so refreshing.,4,,Avantika Chauhan,,avantika.chauhan***@gmail.com,2024-04-05
light-blue-linen-shirt-for-men-and-women,,"I bought the light blue linen t-shirt for a beach vacation and it was perfect. Light, airy, and stylish.",5,,Karthik Reddy,,karthik.reddy***@gmail.com,2024-03-01
light-blue-linen-shirt-for-men-and-women,,This light blue linen t-shirt is a wardrobe essential. It can be dressed up for a semi-formal look or worn casually.,4,,Ishita Verma,,ishita.verma***@gmail.com,2024-01-10
light-blue-linen-shirt-for-men-and-women,,Received the light blue linen t-shirt and it's even better than I expected. The fit is perfect and it's so comfortable.,5,,Rajat Gupta,,rajat.gupta***@gmail.com,2024-02-25
light-blue-linen-shirt-for-men-and-women,,"The light blue linen t-shirt is my new favorite. It's soft, breathable, and looks great with anything.",5,,Sakshi Sharma,,sakshi.sharma***@gmail.com,2024-03-20
light-blue-linen-shirt-for-men-and-women,,This light blue linen t-shirt is a versatile piece that I can wear for all occasions. Love the color and fit.,4,,Abhay Kapoor,,abhay.kapoor***@gmail.com,2023-12-25
mango-linen-shirt-for-men-and-women,,Absolutely love my new linen t-shirt! The pink color is so vibrant and the material is very comfortable.,5,,Aarav Patel,India,aarav_patel*1234@gmail.com,2024-02-23
mango-linen-shirt-for-men-and-women,,"Bought the yellow linen t-shirt for a beach vacation and it was perfect! Light and breezy, just what I needed.",4,,Saanvi Singh,India,saanvi_singh*5678@gmail.com,2023-12-15
mango-linen-shirt-for-men-and-women,,The blue linen t-shirt I got is great for casual outings. Fits perfectly and looks stylish.,4,,Aaradhya Sharma,India,aaradhya_sharma*9012@gmail.com,2024-01-05
mango-linen-shirt-for-men-and-women,,The cream linen t-shirt is a versatile piece in my wardrobe. Can be dressed up or down effortlessly.,5,,Vihaan Gupta,India,vihaan_gupta*3456@gmail.com,2023-12-28
mango-linen-shirt-for-men-and-women,,Loving the yellow linen t-shirt I purchased. The color is so refreshing and the fabric feels premium.,5,,Ananya Reddy,India,ananya_reddy*7890@gmail.com,2024-03-10
mango-linen-shirt-for-men-and-women,,The sky blue linen t-shirt is my go-to for a relaxed day out. Comfortable and stylish at the same time.,4,,Advik Iyer,India,advik_iyer*2345@gmail.com,2024-02-14
mango-linen-shirt-for-men-and-women,,The light pink linen t-shirt is a lovely addition to my wardrobe. The fit is just perfect.,5,,Aadhya Menon,India,aadhya_menon*6789@gmail.com,2023-12-20
mango-linen-shirt-for-men-and-women,,The pista green linen t-shirt is so unique and fresh. I've received many compliments wearing it.,4,,Arjun Malhotra,India,arjun_malhotra*5678@gmail.com,2024-01-30
mango-linen-shirt-for-men-and-women,,The grey linen t-shirt I bought is a great addition to my collection. It's perfect for a casual day look.,4,,Ishaan Choudhary,India,ishaan_choudhary*1234@gmail.com,2024-02-08
mango-linen-shirt-for-men-and-women,,My blue linen t-shirt is so comfy and stylish. It's become my favorite go-to piece.,5,,Avani Khanna,India,avani_khanna*9012@gmail.com,2023-12-18
mango-linen-shirt-for-men-and-women,,Wearing my new yellow linen t-shirt feels like a breath of fresh air. The fabric is top-notch.,5,,Kabir Nair,India,kabir_nair*3456@gmail.com,2024-03-27
mango-linen-shirt-for-men-and-women,,The pure linen t-shirt is a wardrobe essential. Versatile and comfortable for all occasions.,5,,Dia Mehra,India,dia_mehra*7890@gmail.com,2024-04-05
mango-linen-shirt-for-men-and-women,,The pink linen t-shirt I bought is a beautiful shade and the fit is perfect. Love it!,5,,Vivaan Kapoor,India,vivaan_kapoor*2345@gmail.com,2024-01-18
mango-linen-shirt-for-men-and-women,,Got the grey linen t-shirt and it's so comfortable to wear. Great for a casual day out.,4,,Myra Verma,India,myra_verma*6789@gmail.com,2023-12-10
mango-linen-shirt-for-men-and-women,,The cream linen t-shirt is a must-have in every wardrobe. It's so easy to style and looks elegant.,5,,Samarth Rao,India,samarth_rao*1234@gmail.com,2024-02-02
mango-linen-shirt-for-men-and-women,,The blue linen t-shirt is a classic piece that goes well with anything. Very happy with my purchase.,4,,Anika Pillai,India,anika_pillai*5678@gmail.com,2024-01-10
mango-linen-shirt-for-men-and-women,,My sky blue linen t-shirt is so soft and comfortable. Perfect for a laid-back look.,5,,Kabir Kapoor,India,kabir_kapoor*9012@gmail.com,2023-12-26
mango-linen-shirt-for-men-and-women,,The light pink linen t-shirt is my new favorite! The color is so pretty and the fit is great.,5,,Ishika Krishnan,India,ishika_krishnan*3456@gmail.com,2024-03-17
mango-linen-shirt-for-men-and-women,,"The pista green linen t-shirt is a refreshing choice for summer. Light and airy, love it!",4,,Vihaan Mehra,India,vihaan_mehra*7890@gmail.com,2024-04-10
mango-linen-shirt-for-men-and-women,,My pure linen t-shirt is so comfortable and stylish. A must-have for every wardrobe.,5,,Avni Kulkarni,India,avni_kulkarni*2345@gmail.com,2024-01-22
mango-linen-shirt-for-men-and-women,,The pink linen t-shirt I got is a lovely color and the fabric is top quality. Very pleased with my purchase.,5,,Diya Malhotra,India,diya_malhotra*6789@gmail.com,2024-02-11
mango-linen-shirt-for-men-and-women,,"Love my grey linen t-shirt, it's so easy to style and very comfortable to wear all day.",4,,Atharv Reddy,India,atharv_reddy*1234@gmail.com,2023-12-08
mango-linen-shirt-for-men-and-women,,The cream linen t-shirt is a versatile piece that can be dressed up or down. Love the quality of the fabric.,5,,Saisha Shah,India,saisha_shah*5678@gmail.com,2024-03-05